<?xml version="1.0" encoding="UTF-8"?>
<Configuration status="TRACE">
	<Appenders>
		<Console name="Console" target="SYSTEM_OUT">
			<PatternLayout pattern="%d{HH:mm:ss.SSS} [%t] %-5level %logger{36} - %msg%n" />
		</Console>
		<File name="File" fileName="TripleFederation.log" immediateFlush="false"
			append="false">
			<PatternLayout
				pattern="%d{yyy-MM-dd HH:mm:ss.SSS} [%t] %-5level %logger{36} - %msg%n" />
		</File>
	</Appenders>
	<Loggers>
		<Root level="TRACE">
			<AppenderRef ref="Console" />
 <!--           
 			<AppenderRef ref="File"/>
-->			
		</Root>
	</Loggers>
</Configuration>